{
	"info": {
		"_postman_id": "29ff08b1-3022-487a-8a6f-045ebae9b5e8",
		"name": "OpenParlament",
		"schema": "https://schema.getpostman.com/json/collection/v2.1.0/collection.json"
	},
	"item": [
		{
			"name": "GetSessionLogs",
			"request": {
				"method": "GET",
				"header": [],
				"url": {
					"raw": "https://www.bundestag.de/ajax/filterlist/de/services/opendata/543410-543410?limit=100&noFilterSet=true&offset=10",
					"protocol": "https",
					"host": [
						"www",
						"bundestag",
						"de"
					],
					"path": [
						"ajax",
						"filterlist",
						"de",
						"services",
						"opendata",
						"543410-543410"
					],
					"query": [
						{
							"key": "limit",
							"value": "100"
						},
						{
							"key": "noFilterSet",
							"value": "true"
						},
						{
							"key": "offset",
							"value": "10"
						}
					]
				}
			},
			"response": []
		},
		{
			"name": "AllHead",
			"request": {
				"method": "POST",
				"header": [],
				"body": {
					"mode": "graphql",
					"graphql": {
						"query": "query getSessions {\r\n    getSessions(first:19001, last:19029) {\r\n        id\r\n        title\r\n        type\r\n        periode\r\n        place\r\n        content\r\n        talks{\r\n            talk(with_comments: true)\r\n            name\r\n            date\r\n        }\r\n        docs {\r\n            docname\r\n            url\r\n        }\r\n        publisher\r\n        date\r\n        url\r\n        missing{\r\n            mp_id\r\n        }\r\n    }\r\n}",
						"variables": ""
					}
				},
				"url": {
					"raw": "http://127.0.0.1:5000/graphql",
					"protocol": "http",
					"host": [
						"127",
						"0",
						"0",
						"1"
					],
					"port": "5000",
					"path": [
						"graphql"
					]
				}
			},
			"response": []
		},
		{
			"name": "OneHead",
			"request": {
				"method": "POST",
				"header": [],
				"body": {
					"mode": "graphql",
					"graphql": {
						"query": "query getSession {\r\n  #session(date: \"2017-10-24\"){\r\n  #getSession(date: \"2019-03-21\"){\r\n    getSession(session_id: 19164){\r\n        id\r\n        title\r\n        #type\r\n        #periode\r\n        place\r\n        missing{\r\n            f_name\r\n            mp_id\r\n            missed{\r\n                id\r\n                title\r\n            }\r\n        }\r\n        #publisher\r\n        date\r\n        #docs{\r\n         #   url\r\n          #  docname\r\n            #session_ids\r\n        #}\r\n        talks{\r\n            name\r\n            date\r\n            mp_id\r\n            #talk\r\n        }\r\n        #content\r\n        url\r\n  }\r\n}",
						"variables": ""
					}
				},
				"url": {
					"raw": "http://127.0.0.1:5000/graphql",
					"protocol": "http",
					"host": [
						"127",
						"0",
						"0",
						"1"
					],
					"port": "5000",
					"path": [
						"graphql"
					]
				}
			},
			"response": []
		},
		{
			"name": "TalksQuery",
			"request": {
				"method": "POST",
				"header": [],
				"body": {
					"mode": "graphql",
					"graphql": {
						"query": "query getTalks {\r\n    getTalks(session_id: 19001, date: \"2017-10-24\", talk_id: 19100100){\r\n        name\r\n        talk_id\r\n        mp_id\r\n        date\r\n        talk(with_comments: true)\r\n    }\r\n}",
						"variables": ""
					}
				},
				"url": {
					"raw": "http://127.0.0.1:5000/graphql",
					"protocol": "http",
					"host": [
						"127",
						"0",
						"0",
						"1"
					],
					"port": "5000",
					"path": [
						"graphql"
					]
				}
			},
			"response": []
		},
		{
			"name": "Docs",
			"request": {
				"method": "POST",
				"header": [],
				"body": {
					"mode": "graphql",
					"graphql": {
						"query": "query getDocs{\r\n    getDocs (docname:\"19/6\"){\r\n        #docs (session_id: 19001, docname:\"19/2\", date:\"2017-10-24\"){\r\n        docname\r\n        session_ids\r\n        url\r\n    }\r\n}",
						"variables": ""
					}
				},
				"url": {
					"raw": "http://127.0.0.1:5000/graphql",
					"protocol": "http",
					"host": [
						"127",
						"0",
						"0",
						"1"
					],
					"port": "5000",
					"path": [
						"graphql"
					]
				}
			},
			"response": []
		},
		{
			"name": "Content",
			"request": {
				"method": "POST",
				"header": [],
				"body": {
					"mode": "graphql",
					"graphql": {
						"query": "query getContent{\r\n    getContent(session_id:19001)\r\n}",
						"variables": ""
					}
				},
				"url": {
					"raw": "http://127.0.0.1:5000/graphql",
					"protocol": "http",
					"host": [
						"127",
						"0",
						"0",
						"1"
					],
					"port": "5000",
					"path": [
						"graphql"
					]
				}
			},
			"response": []
		},
		{
			"name": "Missing",
			"request": {
				"method": "POST",
				"header": [],
				"body": {
					"mode": "graphql",
					"graphql": {
						"query": "query getMissing{\r\n    #getMissing(party:\"BÜNDNIS 90\"){\r\n    getMissing{\r\n        mp_id\r\n        f_name\r\n        party\r\n        s_name\r\n        missed_counter\r\n    }\r\n}",
						"variables": ""
					}
				},
				"url": {
					"raw": "http://127.0.0.1:5000/graphql",
					"protocol": "http",
					"host": [
						"127",
						"0",
						"0",
						"1"
					],
					"port": "5000",
					"path": [
						"graphql"
					]
				}
			},
			"response": []
		},
		{
			"name": "MP",
			"request": {
				"method": "POST",
				"header": [],
				"body": {
					"mode": "graphql",
					"graphql": {
						"query": "    query getMP {\r\n    #getMPs(role:\"Präsident Dr. Wolfgang Schäuble\"){\r\n    getMPs(party:\"afd\"){\r\n    #getMP(name: \"Florian Post\"){\r\n        f_name\r\n        s_name\r\n        mp_id\r\n        role\r\n        party\r\n        missed{\r\n            date\r\n            id\r\n        }\r\n        #talks{\r\n        #   session_id\r\n        #   talk\r\n        #}\r\n    }\r\n}",
						"variables": ""
					}
				},
				"url": {
					"raw": "http://127.0.0.1:5000/graphql",
					"protocol": "http",
					"host": [
						"127",
						"0",
						"0",
						"1"
					],
					"port": "5000",
					"path": [
						"graphql"
					]
				}
			},
			"response": []
		},
		{
			"name": "WebMissing",
			"request": {
				"method": "POST",
				"header": [],
				"body": {
					"mode": "graphql",
					"graphql": {
						"query": "query getMissing{\r\n    getMissing(party:\"afd\"){\r\n        mp_id\r\n        party\r\n        f_name\r\n        s_name\r\n        missed{\r\n            title\r\n        }\r\n    }\r\n}",
						"variables": ""
					}
				},
				"url": {
					"raw": "https://open-representatives.herokuapp.com/graphql",
					"protocol": "https",
					"host": [
						"open-representatives",
						"herokuapp",
						"com"
					],
					"path": [
						"graphql"
					]
				}
			},
			"response": []
		}
	]
}