{"created_at": "Sun May 02 20:46:11 +0000 2021", "id": 1388958017996173312, "id_str": "1388958017996173312", "text": "RT @BILD: FDP-Vorsitzender @c_lindner zum Thema #Corona-Freiheiten:\u201eEs muss test- und impfbasierte \u00d6ffnungsangebote f\u00fcr alle geben, insbeso\u2026", "truncated": false, "entities": {"hashtags": [{"text": "Corona", "indices": [48, 55]}], "symbols": [], "user_mentions": [{"screen_name": "BILD", "name": "BILD", "id": 9204502, "id_str": "9204502", "indices": [3, 8]}, {"screen_name": "c_lindner", "name": "Christian Lindner", "id": 122104353, "id_str": "122104353", "indices": [27, 37]}], "urls": []}, "source": "<a href=\"http://twitter.com/download/iphone\" rel=\"nofollow\">Twitter for iPhone</a>", "in_reply_to_status_id": null, "in_reply_to_status_id_str": null, "in_reply_to_user_id": null, "in_reply_to_user_id_str": null, "in_reply_to_screen_name": null, "user": {"id": 122104353, "id_str": "122104353", "name": "Christian Lindner", "screen_name": "c_lindner", "location": "Berlin, Deutschland", "description": "Bundesvorsitzender der Freien Demokraten. Vorsitzender der Fraktion im Bundestag. Es twittern er selbst (CL) und sein Team (TL).", "url": "https://t.co/TQ2ZMKv7wl", "entities": {"url": {"urls": [{"url": "https://t.co/TQ2ZMKv7wl", "expanded_url": "https://www.christian-lindner.de/content/impressum-datenschutzerklarung", "display_url": "christian-lindner.de/content/impres\u2026", "indices": [0, 23]}]}, "description": {"urls": []}}, "protected": false, "followers_count": 452690, "friends_count": 1370, "listed_count": 2031, "created_at": "Thu Mar 11 16:11:51 +0000 2010", "favourites_count": 9166, "utc_offset": null, "time_zone": null, "geo_enabled": true, "verified": true, "statuses_count": 17183, "lang": null, "contributors_enabled": false, "is_translator": false, "is_translation_enabled": false, "profile_background_color": "C0DEED", "profile_background_image_url": "http://abs.twimg.com/images/themes/theme1/bg.png", "profile_background_image_url_https": "https://abs.twimg.com/images/themes/theme1/bg.png", "profile_background_tile": false, "profile_image_url": "http://pbs.twimg.com/profile_images/1284030077219602432/hq24Ijui_normal.jpg", "profile_image_url_https": "https://pbs.twimg.com/profile_images/1284030077219602432/hq24Ijui_normal.jpg", "profile_banner_url": "https://pbs.twimg.com/profile_banners/122104353/1605792754", "profile_link_color": "0084B4", "profile_sidebar_border_color": "C0DEED", "profile_sidebar_fill_color": "DDEEF6", "profile_text_color": "333333", "profile_use_background_image": false, "has_extended_profile": true, "default_profile": false, "default_profile_image": false, "following": false, "follow_request_sent": false, "notifications": false, "translator_type": "none", "withheld_in_countries": []}, "geo": null, "coordinates": null, "place": null, "contributors": null, "retweeted_status": {"created_at": "Sun May 02 20:27:42 +0000 2021", "id": 1388953365548310539, "id_str": "1388953365548310539", "text": "FDP-Vorsitzender @c_lindner zum Thema #Corona-Freiheiten:\u201eEs muss test- und impfbasierte \u00d6ffnungsangebote f\u00fcr alle\u2026 https://t.co/LIB1XB0E8Q", "truncated": true, "entities": {"hashtags": [{"text": "Corona", "indices": [38, 45]}], "symbols": [], "user_mentions": [{"screen_name": "c_lindner", "name": "Christian Lindner", "id": 122104353, "id_str": "122104353", "indices": [17, 27]}], "urls": [{"url": "https://t.co/LIB1XB0E8Q", "expanded_url": "https://twitter.com/i/web/status/1388953365548310539", "display_url": "twitter.com/i/web/status/1\u2026", "indices": [116, 139]}]}, "source": "<a href=\"https://about.twitter.com/products/tweetdeck\" rel=\"nofollow\">TweetDeck</a>", "in_reply_to_status_id": null, "in_reply_to_status_id_str": null, "in_reply_to_user_id": null, "in_reply_to_user_id_str": null, "in_reply_to_screen_name": null, "user": {"id": 9204502, "id_str": "9204502", "name": "BILD", "screen_name": "BILD", "location": "Berlin", "description": "Hier bekommt ihr rund um die Uhr News aus Deutschland und der Welt \u00b7 Impressum: https://t.co/QmyG5OkSeF \u00b7 Datenschutz: https://t.co/P9NlgE2vSB", "url": "https://t.co/DzI78g3rvR", "entities": {"url": {"urls": [{"url": "https://t.co/DzI78g3rvR", "expanded_url": "http://on.bild.de", "display_url": "on.bild.de", "indices": [0, 23]}]}, "description": {"urls": [{"url": "https://t.co/QmyG5OkSeF", "expanded_url": "http://on.bild.de/BILDinfo", "display_url": "on.bild.de/BILDinfo", "indices": [80, 103]}, {"url": "https://t.co/P9NlgE2vSB", "expanded_url": "http://on.bild.de/DSE", "display_url": "on.bild.de/DSE", "indices": [119, 142]}]}}, "protected": false, "followers_count": 1774774, "friends_count": 524, "listed_count": 5204, "created_at": "Tue Oct 02 09:16:41 +0000 2007", "favourites_count": 1100, "utc_offset": null, "time_zone": null, "geo_enabled": true, "verified": true, "statuses_count": 343322, "lang": null, "contributors_enabled": false, "is_translator": false, "is_translation_enabled": false, "profile_background_color": "292929", "profile_background_image_url": "http://abs.twimg.com/images/themes/theme1/bg.png", "profile_background_image_url_https": "https://abs.twimg.com/images/themes/theme1/bg.png", "profile_background_tile": true, "profile_image_url": "http://pbs.twimg.com/profile_images/916254721274515458/72vChEJI_normal.jpg", "profile_image_url_https": "https://pbs.twimg.com/profile_images/916254721274515458/72vChEJI_normal.jpg", "profile_banner_url": "https://pbs.twimg.com/profile_banners/9204502/1485031206", "profile_link_color": "E3001B", "profile_sidebar_border_color": "FFFFFF", "profile_sidebar_fill_color": "E6E6E6", "profile_text_color": "000000", "profile_use_background_image": false, "has_extended_profile": false, "default_profile": false, "default_profile_image": false, "following": false, "follow_request_sent": false, "notifications": false, "translator_type": "none", "withheld_in_countries": []}, "geo": null, "coordinates": null, "place": null, "contributors": null, "is_quote_status": false, "retweet_count": 16, "favorite_count": 166, "favorited": false, "retweeted": false, "lang": "de"}, "is_quote_status": false, "retweet_count": 16, "favorite_count": 0, "favorited": false, "retweeted": false, "lang": "de"}
{"created_at": "Sun May 02 17:23:17 +0000 2021", "id": 1388906956321087491, "id_str": "1388906956321087491", "text": "Gerade pl\u00e4diert der SPD-Ministerpr\u00e4sident von #Niedersachsen bei @berlindirekt f\u00fcr testbasierte \u00d6ffnungskonzepte au\u2026 https://t.co/rgmH4mzuBb", "truncated": true, "entities": {"hashtags": [{"text": "Niedersachsen", "indices": [46, 60]}], "symbols": [], "user_mentions": [{"screen_name": "berlindirekt", "name": "Berlin direkt", "id": 1192869355, "id_str": "1192869355", "indices": [65, 78]}], "urls": [{"url": "https://t.co/rgmH4mzuBb", "expanded_url": "https://twitter.com/i/web/status/1388906956321087491", "display_url": "twitter.com/i/web/status/1\u2026", "indices": [117, 140]}]}, "source": "<a href=\"http://twitter.com/download/iphone\" rel=\"nofollow\">Twitter for iPhone</a>", "in_reply_to_status_id": null, "in_reply_to_status_id_str": null, "in_reply_to_user_id": null, "in_reply_to_user_id_str": null, "in_reply_to_screen_name": null, "user": {"id": 122104353, "id_str": "122104353", "name": "Christian Lindner", "screen_name": "c_lindner", "location": "Berlin, Deutschland", "description": "Bundesvorsitzender der Freien Demokraten. Vorsitzender der Fraktion im Bundestag. Es twittern er selbst (CL) und sein Team (TL).", "url": "https://t.co/TQ2ZMKv7wl", "entities": {"url": {"urls": [{"url": "https://t.co/TQ2ZMKv7wl", "expanded_url": "https://www.christian-lindner.de/content/impressum-datenschutzerklarung", "display_url": "christian-lindner.de/content/impres\u2026", "indices": [0, 23]}]}, "description": {"urls": []}}, "protected": false, "followers_count": 452690, "friends_count": 1370, "listed_count": 2031, "created_at": "Thu Mar 11 16:11:51 +0000 2010", "favourites_count": 9166, "utc_offset": null, "time_zone": null, "geo_enabled": true, "verified": true, "statuses_count": 17183, "lang": null, "contributors_enabled": false, "is_translator": false, "is_translation_enabled": false, "profile_background_color": "C0DEED", "profile_background_image_url": "http://abs.twimg.com/images/themes/theme1/bg.png", "profile_background_image_url_https": "https://abs.twimg.com/images/themes/theme1/bg.png", "profile_background_tile": false, "profile_image_url": "http://pbs.twimg.com/profile_images/1284030077219602432/hq24Ijui_normal.jpg", "profile_image_url_https": "https://pbs.twimg.com/profile_images/1284030077219602432/hq24Ijui_normal.jpg", "profile_banner_url": "https://pbs.twimg.com/profile_banners/122104353/1605792754", "profile_link_color": "0084B4", "profile_sidebar_border_color": "C0DEED", "profile_sidebar_fill_color": "DDEEF6", "profile_text_color": "333333", "profile_use_background_image": false, "has_extended_profile": true, "default_profile": false, "default_profile_image": false, "following": false, "follow_request_sent": false, "notifications": false, "translator_type": "none", "withheld_in_countries": []}, "geo": null, "coordinates": null, "place": null, "contributors": null, "is_quote_status": false, "retweet_count": 52, "favorite_count": 853, "favorited": false, "retweeted": false, "lang": "de"}
